field_id,domain,entity,field_name,cn_name,data_type,unit,example,description,related_reports
SF-0001,元数据,ReportMeta,report_id,报表ID,string,-,CH-RPT-2026-07-EAST,单次报表实例唯一标识,全部报表
SF-0002,元数据,ReportMeta,report_type,报表类型,enum,-,channel_analysis,报表类型编码,全部报表
SF-0003,元数据,ReportMeta,period,统计周期,string,-,2026-07,月/周/日/自定义区间,全部报表
SF-0004,元数据,ReportMeta,period_type,周期类型,enum,-,month,day|week|month|quarter|custom,全部报表
SF-0005,元数据,ReportMeta,period_start,周期开始,date,-,2026-07-01,统计起始日,全部报表
SF-0006,元数据,ReportMeta,period_end,周期结束,date,-,2026-07-31,统计结束日,全部报表
SF-0007,元数据,ReportMeta,generated_at,生成时间,datetime,-,2026-08-01T10:00:00+08:00,报表生成时间戳,全部报表
SF-0008,元数据,ReportMeta,data_as_of,数据截止时点,datetime,-,2026-07-31T23:59:59+08:00,取数截止时点,全部报表
SF-0009,元数据,ReportMeta,run_id,运行ID,string,-,run_abc123,Agent/流水线运行ID,全部报表
SF-0010,元数据,ReportMeta,producer_skill,产出Skill,string,-,channel_analysis,写入共享层的生产者,AI产出
SF-0011,元数据,ReportMeta,traffic_light,红黄绿灯,enum,-,yellow,red|yellow|green,渠道/预警类
SF-0012,元数据,ReportMeta,narrative_summary,NLG摘要,text,-,东区提货达成83%，颜色缺货为第一异常因,自然语言摘要,周月报/驾驶舱
SF-0013,元数据,ReportMeta,action_suggestions,行动建议列表,json,-,"[""补色排产"",""冲金牌档""]",结构化建议数组,渠道/VoC/运营
SF-0014,组织,Org,org_id,组织ID,string,-,WZ-EAST,组织节点唯一ID,渠道/战区报表
SF-0015,组织,Org,org_name,组织名称,string,-,东区战区,组织显示名,渠道/战区报表
SF-0016,组织,Org,org_level,组织层级,enum,-,warzone,nation|warzone|subzone|block|dealer|outlet|store,全部经营报表
SF-0017,组织,Org,parent_org_id,上级组织ID,string,-,NATION-CN,组织树父节点,全部经营报表
SF-0018,组织,Org,org_path,组织路径,string,-,全国/东区/苏南/一代A,完整层级路径,全部经营报表
SF-0019,组织,Region,province,省份,string,-,江苏,行政区-省,续费/VoC/渠道
SF-0020,组织,Region,city,城市,string,-,南京,行政区-市,续费/VoC/渠道
SF-0021,组织,Region,county_code,区县编码,string,-,320115,国标区县码,作战地图/开店
SF-0022,组织,Region,county_name,区县名称,string,-,江宁区,区县名,作战地图/开店
SF-0023,渠道主数据,Dealer,dealer_id,一代/经销商ID,string,-,DLR-3201,经销商唯一ID,A/C/E包
SF-0024,渠道主数据,Dealer,dealer_name,经销商名称,string,-,青枢南京江宁一网,经销商名,A/C/E包
SF-0025,渠道主数据,Dealer,legal_person,法人,string,-,王某某,工商法人,风控/加盟
SF-0026,渠道主数据,Dealer,open_account_date,开户时间,date,-,2024-03-12,经销商开户日,E包
SF-0027,渠道主数据,Dealer,developer_name,开发人员,string,-,李开发,渠道开发负责人,E包
SF-0028,渠道主数据,Store,store_id,门店ID,string,-,ST-8891,门店唯一ID,零售/巡检/D包
SF-0029,渠道主数据,Store,store_name,门店名称,string,-,青枢南京江宁专卖店,门店名,零售/巡检
SF-0030,渠道主数据,Store,store_address,门店地址,string,-,江宁区东山街道XX路88号,详细地址,开店/巡检
SF-0031,渠道主数据,Store,store_type,门店类型,enum,-,exclusive,exclusive|mixed|non_exclusive,合规/零售
SF-0032,渠道主数据,Store,store_grade,门店等级,enum,-,A,A|B|C|D,装修定级/E包
SF-0033,渠道主数据,Store,store_area_sqm,门店面积,number,㎡,120,营业面积,装修定级
SF-0034,渠道主数据,Store,biz_district,商圈,string,-,东山商圈,开店甘特商圈,E包
SF-0035,渠道主数据,Guide,guide_id,导购ID,string,-,GD-1022,导购人员ID,人效诊断
SF-0036,渠道主数据,Guide,channel_account_id,矩阵账号ID,string,-,DY-991,抖音/视频号等账号,矩阵/人效
SF-0037,客户用户,Customer,customer_id,客户ID,string,-,CUS-10086,统一客户主数据ID,续费/客服/运营
SF-0038,客户用户,Customer,phone_masked,手机号(脱敏),string,-,138****5678,脱敏手机号,OneID/触达
SF-0039,客户用户,Customer,openid,OpenID,string,-,oxxx,微信OpenID,OneID
SF-0040,客户用户,Customer,unionid,UnionID,string,-,uxxx,微信UnionID,OneID
SF-0041,客户用户,Customer,identity_type,身份类型,enum,-,end_user,end_user|dealer|prospect|employee,工单分析
SF-0042,客户用户,Customer,oneid,OneID,string,-,OID-9f3a,跨系统统一身份,OneID报告
SF-0043,客户用户,Customer,oneid_match_method,识人匹配方式,enum,-,phone,phone|device|vin|probabilistic,OneID报告
SF-0044,客户用户,UserBehavior,app_register_flag,是否App注册,boolean,-,true,是否注册App,激活率
SF-0045,客户用户,UserBehavior,bind_vehicle_flag,是否绑车,boolean,-,true,是否完成绑车,激活率/漏斗
SF-0046,客户用户,UserBehavior,last_active_at,末次活跃时间,datetime,-,2026-07-20T21:00:00+08:00,App/车联末次活跃,续费/分群
SF-0047,客户用户,UserBehavior,active_days_30d,近30天活跃天数,int,天,12,近30天活跃天数,续费/分群
SF-0048,客户用户,UserBehavior,mau_flag,是否计入MAU,boolean,-,true,自然月活跃标记,激活率/月报
SF-0049,客户用户,UserBehavior,dau_flag,是否计入DAU,boolean,-,false,当日活跃标记,激活率
SF-0050,客户用户,UserBehavior,rfm_segment,RFM分群,enum,-,high_value,high_value|potential|silent|churn_risk,分群报告
SF-0051,客户用户,UserBehavior,r_days,R值(距末活天数),int,天,18,Recency,分群报告
SF-0052,客户用户,UserBehavior,f_month,F值(月互动次数),int,次,7,Frequency,分群报告
SF-0053,客户用户,UserBehavior,m_value,M值(价值贡献),number,元,860,配件/服务消费等,分群报告
SF-0054,客户用户,UserBehavior,first_touch_channel,首次触达渠道,string,-,400,首次接触渠道,触点热力图
SF-0055,客户用户,UserBehavior,last_touch_channel,末次触达渠道,string,-,App,最近接触渠道,触点热力图
SF-0056,客户用户,Renewal,service_expire_date,车联服务到期日,date,-,2026-08-15,智能车服务到期,续费漏斗
SF-0057,客户用户,Renewal,due_renew_flag,是否到期应续费,boolean,-,true,进入应续费池,续费漏斗
SF-0058,客户用户,Renewal,paid_flag,是否已付费,boolean,-,false,是否产生付费(需区分新购/续费),续费漏斗
SF-0059,客户用户,Renewal,paid_type,付费类型,enum,-,renew,new_purchase|renew|unknown,续费漏斗
SF-0060,客户用户,Renewal,active_t30_flag,到期前30天活跃,boolean,-,true,T-30活跃,续费漏斗
SF-0061,客户用户,Renewal,active_t7_flag,到期前7天活跃,boolean,-,false,T-7活跃,续费漏斗
SF-0062,客户用户,Renewal,sleep_90d_app_flag,近90天App沉睡,boolean,-,true,90天未用App,续费漏斗
SF-0063,客户用户,Renewal,active_90d_4g_flag,近90天4G活跃,boolean,-,true,4G车近90天有联网,续费漏斗
SF-0064,客户用户,Renewal,renew_intent_score,续费意向分,number,0-1,0.78,模型/规则意向分,续费成绩单
SF-0065,客户用户,Renewal,renew_pool_layer,续费池分层,enum,-,T-30,T-30|T-7|sleep|non_smart,续费洗池
SF-0066,客户用户,Renewal,outreach_channel,触达渠道,enum,-,ai_call,push|sms|ai_call|human|wecom,触达矩阵
SF-0067,客户用户,Renewal,intent_level,外呼意向等级,enum,-,high,high|mid|low,续费成绩单
SF-0068,车辆,Vehicle,vin,车架号VIN,string,-,LQXXXX2026A0001,整车唯一识别,质检/VoC/IoT
SF-0069,车辆,Vehicle,frame_no,车架件号,string,-,FR-778812,PDA绑定车架件,OBD/追溯
SF-0070,车辆,Vehicle,sn,整车序列号,string,-,SN-202607-8891,产线序列号,质检
SF-0071,车辆,Vehicle,vehicle_model,车型,string,-,E60,车型编码/名,几乎全部
SF-0072,车辆,Vehicle,vehicle_config,配置类型,string,-,锂电旗舰,配置档,故障分析
SF-0073,车辆,Vehicle,color,颜色,string,-,哑光黑,车身颜色,排产/断货/零售
SF-0074,车辆,Vehicle,battery_type,电池类型,enum,-,lithium,lead_acid|lithium|graphene,竞品/产品
SF-0075,车辆,Vehicle,battery_spec,电池规格,string,-,48V24Ah,电压安时,竞品/客服
SF-0076,车辆,Vehicle,claimed_range_km,标称续航,number,km,80,官方续航,竞品/产品
SF-0077,车辆,Vehicle,purchase_date,购车日期,date,-,2025-08-01,用户购车日,激活率拆解
SF-0078,车辆,Vehicle,purchase_year,购车年份,int,年,2025,购车年,激活率
SF-0079,车辆,Vehicle,is_smart_vehicle,是否智能车,boolean,-,true,是否具备4G/车联,续费池
SF-0080,车辆,Vehicle,plant,生产基地,string,-,华东一厂,制造基地,故障/质检
SF-0081,车辆,Vehicle,line_id,产线ID,string,-,LINE-03,产线,OBD
SF-0082,车辆,Vehicle,batch_no,整车生产批次,string,-,BATCH-2026W28-E60,整车批次,追溯/VoC
SF-0083,车辆,Vehicle,ota_version,OTA版本,string,-,v2.3.1,车端软件版本,IoT/VoC
SF-0084,商品SKU,SKU,sku_id,SKU ID,string,-,SKU-E60-BK,SKU唯一ID,订单/零售/库存
SF-0085,商品SKU,SKU,sku_name,SKU名称,string,-,E60 哑光黑,SKU显示名,订单/零售
SF-0086,商品SKU,SKU,asp_cny,平均售价ASP,number,元,3299,台均价,断货损失/零售
SF-0087,商品SKU,SKU,hot_slow_flag,爆滞标记,enum,-,hot,hot|normal|slow,动销周报
SF-0088,商品SKU,SKU,substitute_sku_id,替代SKU,string,-,SKU-E60-GY,缺货替代映射,审单/C包
SF-0089,商品SKU,Competitor,competitor_brand,竞品品牌,string,-,雅迪,竞品品牌名,竞品报告
SF-0090,商品SKU,Competitor,competitor_model,竞品车型,string,-,冠能XX,竞品车型名,竞品报告
SF-0091,商品SKU,Competitor,competitor_price_cny,竞品价格,number,元,3699,竞品挂牌/活动价,竞品报告
SF-0092,商品SKU,Competitor,competitor_share,竞品区域份额,number,%,28.0,区域市占,作战地图
SF-0093,商品SKU,Competitor,competitor_share_pp_change,份额变化百分点,number,pp,-1.2,份额环比变化,竞品/作战
SF-0094,商品SKU,Competitor,promo_type,促销类型,string,-,以旧换新,活动类型,竞品报告
SF-0095,商品SKU,Competitor,promo_region,促销区域,string,-,苏皖,活动区域,竞品报告
SF-0096,商品SKU,Competitor,promo_window,促销窗口,string,-,2026-07-01~07-31,活动时间窗,竞品报告
SF-0097,商品SKU,Competitor,price_cut_amt,降价金额,number,元,300,降价幅度,竞品预警
SF-0098,商品SKU,Competitor,sentiment_score,口碑分,number,0-1,0.62,竞品口碑,竞品报告
SF-0099,商品SKU,Competitor,launch_date,上市日期,date,-,2026-06-18,竞品上市日,竞品报告
SF-0100,销售目标,SalesMetric,sales_qty,提货/销量台数,int,台,12480,提货口径销量,渠道分析
SF-0101,销售目标,SalesMetric,sales_target_qty,销量目标台数,int,台,15000,考核销量目标,渠道分析
SF-0102,销售目标,SalesMetric,sales_achieve_rate,销量达成率,number,%,83.2,销量/目标,渠道分析
SF-0103,销售目标,SalesMetric,contract_qty,签约量,int,台,11200,签约台数,渠道分析
SF-0104,销售目标,SalesMetric,contract_target_qty,签约目标,int,台,13000,签约目标,渠道分析
SF-0105,销售目标,SalesMetric,contract_achieve_rate,签约达成率,number,%,86.2,签约/目标,渠道分析
SF-0106,销售目标,SalesMetric,yoy_sales_qty,去年同期销量,int,台,10900,同比基期销量,渠道分析
SF-0107,销售目标,SalesMetric,yoy_rate,同比增长率,number,%,14.5,同比,渠道分析
SF-0108,销售目标,SalesMetric,mom_sales_qty,上月销量,int,台,13100,环比基期,渠道/预警
SF-0109,销售目标,SalesMetric,mom_rate,环比增长率,number,%,-4.7,环比,渠道/预警
SF-0110,销售目标,SalesMetric,rank_warzone,大战区排名,int,-,2,大战区排名,渠道分析
SF-0111,销售目标,SalesMetric,rank_subzone,小战区排名,int,-,5,小战区排名,渠道分析
SF-0112,销售目标,SalesMetric,rank_dealer,一代排名,int,-,18,一代排名,A包
SF-0113,销售目标,SalesMetric,full_achieve_outlet_cnt,100%达成网点数,int,个,86,满分网点数,网点健康
SF-0114,销售目标,SalesMetric,full_achieve_outlet_ratio,100%达成网点占比,number,%,41.3,满分网点占比,网点健康
SF-0115,销售目标,SalesMetric,abnormal_outlet_cnt,异常网点数,int,个,23,异常网点数量,B包
SF-0116,销售目标,SalesMetric,abnormal_outlet_ratio,异常网点占比,number,%,11.1,异常占比,B包
SF-0117,销售目标,SalesMetric,abnormal_reason,异常原因,string,-,颜色缺货,异常归因,B包
SF-0118,销售目标,SalesMetric,abnormal_reason_cnt,异常原因次数,int,次,9,该原因出现次数,B包
SF-0119,销售目标,SalesMetric,core_market_gap_to_top3,核心市场前三差距,int,台,1260,与区域第一差距,渠道分析
SF-0120,销售目标,SalesMetric,online_sales_qty,线上销量,int,台,860,电商/直播销量,新零售/A包
SF-0121,销售目标,Health,health_index,经营健康指数,number,0-100,72,一代综合健康分,健康指数
SF-0122,销售目标,Health,sales_score,销量分项分,number,0-100,75,健康指数分项,健康指数
SF-0123,销售目标,Health,retail_score,零售分项分,number,0-100,68,健康指数分项,健康指数
SF-0124,销售目标,Health,compliance_score,合规分项分,number,0-100,80,健康指数分项,健康指数
SF-0125,销售目标,Health,complaint_score,客诉分项分,number,0-100,70,健康指数分项,健康指数
SF-0126,销售目标,Health,inventory_turn_score,库存周转分项分,number,0-100,65,健康指数分项,健康指数
SF-0127,渠道开发,StoreDev,blank_l1_plan_cnt,空白一网计划数,int,个,18,计划开发空白一网,E包
SF-0128,渠道开发,StoreDev,blank_l1_opened_cnt,空白一网已开数,int,个,11,已开空白一网,E包
SF-0129,渠道开发,StoreDev,blank_l1_achieve_rate,空白一网达成率,number,%,61.1,已开/计划,E包
SF-0130,渠道开发,StoreDev,store_dev_plan_cnt,门店开发计划数,int,个,120,年度开发计划,E包
SF-0131,渠道开发,StoreDev,store_dev_done_cnt,门店开发完成数,int,个,74,累计完成,E包
SF-0132,渠道开发,StoreDev,store_dev_rate,门店开发完成率,number,%,61.7,完成/计划,E包
SF-0133,渠道开发,StoreDev,market_capacity_annual,县域年市场容量,int,台,42000,两轮电动年容量,作战地图
SF-0134,渠道开发,StoreDev,self_coverage_flag,本品覆盖标记,enum,-,blank,yes|weak|blank,作战地图
SF-0135,渠道开发,StoreDev,open_roi_months,开店回收月数,number,月,14,投资回收预测,作战地图/E包
SF-0136,渠道开发,StoreDev,support_quota_total_wan,支持额度总额,number,万元,15,开店支持总额度,E包
SF-0137,渠道开发,StoreDev,support_quota_applied_wan,已申请额度,number,万元,8,已申请,E包
SF-0138,渠道开发,StoreDev,support_quota_remain_wan,剩余额度,number,万元,7,剩余,E包
SF-0139,渠道开发,StoreDev,first_order_qty,首批订单量,int,台,80,新商首批提货,E包
SF-0140,渠道开发,StoreDev,m1_m3_order_qty,1-3月订单量,int,台,210,新商前三月提货,E包
SF-0141,渠道开发,StoreDev,gantt_owner,开店负责人,string,-,张三,开店甘特负责人,E包
SF-0142,渠道开发,StoreDev,gantt_start,开店开始日,date,-,2026-07-01,甘特开始,E包
SF-0143,渠道开发,StoreDev,gantt_end,开店结束日,date,-,2026-09-15,甘特结束,E包
SF-0144,渠道开发,StoreDev,fitout_suggest_grade,装修建议等级,enum,-,B,装修定级建议,E包
SF-0145,渠道开发,Risk,credit_code,统一社会信用代码,string,-,9132XXXXXXXX,工商代码,加盟/合作风控
SF-0146,渠道开发,Risk,reg_capital_wan,注册资本,number,万元,500,注册资本,风控
SF-0147,渠道开发,Risk,lawsuit_cnt_3y,近3年诉讼数,int,件,2,司法风险,风控
SF-0148,渠道开发,Risk,dishonest_flag,是否失信,boolean,-,false,失信被执行,风控
SF-0149,渠道开发,Risk,negative_news_cnt_90d,近90天负面舆情数,int,条,1,舆情风险,风控
SF-0150,渠道开发,Risk,risk_level,风险等级,enum,-,medium,low|medium|high,风控报告
SF-0151,渠道开发,Risk,risk_score,风险评分,number,0-100,62,综合风险分,风控报告
SF-0152,渠道开发,Risk,admission_suggest,准入建议,enum,-,supplement,pass|supplement|reject,加盟风控
SF-0153,订单库存政策,Order,order_id,订单号,string,-,SO-77821,订单唯一号,C包/审单
SF-0154,订单库存政策,Order,order_qty,订单数量,int,台,30,下单台数,C包
SF-0155,订单库存政策,Order,order_status,订单状态,enum,-,pending_audit,草稿/待审/通过/驳回/发货/完成,C包
SF-0156,订单库存政策,Order,audit_result,审单结果,enum,-,suggest_substitute,通过|缺货驳回|建议替代,智能审单
SF-0157,订单库存政策,Inventory,wms_stock_qty,WMS库存,int,台,120,仓内库存,C/B包
SF-0158,订单库存政策,Inventory,wms_in_transit_qty,WMS在途,int,台,45,在途数量,C包
SF-0159,订单库存政策,Inventory,store_stock_qty,门店库存,int,台,8,门店现货,C/D包
SF-0160,订单库存政策,Inventory,stock_days_cover,库存可售天数,number,天,1.2,库存覆盖天数,断货预警
SF-0161,订单库存政策,Inventory,stock_age_days,库龄天数,int,天,51,滞销库龄,动销周报
SF-0162,订单库存政策,Inventory,inventory_turn_days,库存周转天数,number,天,28,周转天数,健康指数/标杆
SF-0163,订单库存政策,Inventory,shortage_days,断货天数,int,天,11,持续缺货天数,断货损失
SF-0164,订单库存政策,Inventory,demand_daily_est,日均需求估计,number,台/日,18,需求估计,断货损失
SF-0165,订单库存政策,Inventory,lost_units_est,估损台数,int,台,198,断货损失台数,断货损失
SF-0166,订单库存政策,Inventory,lost_gmv_est,估损GMV,number,元,653202,断货损失销售额,断货损失
SF-0167,订单库存政策,Inventory,lost_margin_est,估损毛利,number,元,117576,断货损失毛利,断货损失
SF-0168,订单库存政策,Inventory,shortage_root_cause,断货根因,enum,-,color_plan,排产|物流|颜色计划|供应,断货损失
SF-0169,订单库存政策,Inventory,replenish_qty_suggest,建议补货量,int,台,200,建议补货,断货损失
SF-0170,订单库存政策,Inventory,eta_date,预计到货日,date,-,2026-08-05,补货ETA,断货/C包
SF-0171,订单库存政策,Policy,policy_version,政策版本,string,-,2026Q3-提货返利-V3,销售政策版本,C包/结算
SF-0172,订单库存政策,Policy,current_rebate_tier,当前返利档位,string,-,银牌档,当前档位名,政策提示
SF-0173,订单库存政策,Policy,current_pickup_qty_mtd,本月已提货,int,台,612,当月累计提货,政策模拟
SF-0174,订单库存政策,Policy,qty_to_next_tier,距下一档台数,int,台,188,冲档缺口,政策模拟
SF-0175,订单库存政策,Policy,next_tier_name,下一档位名,string,-,金牌档,目标档位,政策模拟
SF-0176,订单库存政策,Policy,next_tier_rebate_amt,达下一档预计返利,number,元,28000,冲档返利增量,政策模拟
SF-0177,订单库存政策,Policy,rebate_rate,返利点数,number,%,3.5,返利比例,结算单
SF-0178,订单库存政策,Policy,color_bonus_amt,颜色齐全奖励,number,元,2000,颜色点位奖励,结算单
SF-0179,订单库存政策,Policy,clawback_amt,扣回金额,number,元,500,违规/未达扣回,结算单
SF-0180,订单库存政策,Policy,payable_amt,应结金额,number,元,29500,应付返利,结算单
SF-0181,订单库存政策,Policy,settlement_id,结算单号,string,-,STL-2026Q3-3201,结算单ID,返利结算单
SF-0182,订单库存政策,Policy,pay_status,支付状态,enum,-,unpaid,unpaid|paid|exception,结算单
SF-0183,订单库存政策,ColorPlan,color_plan_week,颜色排产周,string,-,2026-W31,排产周次,PMC/C包
SF-0184,订单库存政策,ColorPlan,color_plan_qty,颜色计划产量,int,台,120,该颜色计划产量,PMC
SF-0185,零售营销,Retail,retail_qty,零售台数,int,台,46,输卡/零售量,D包/日报
SF-0186,零售营销,Retail,retail_qty_day,当日零售,int,台,6,日零售,零售日报
SF-0187,零售营销,Retail,retail_qty_mtd,月累计零售,int,台,142,月零售,零售日报
SF-0188,零售营销,Retail,retail_yoy,零售同比,number,%,8.2,零售同比,D包
SF-0189,零售营销,Retail,writeoff_qty,核销数量,int,台,28,活动核销台数,D包
SF-0190,零售营销,Retail,redeem_rate,核销率,number,%,62.0,核销/应核销,D包/活动
SF-0191,零售营销,Retail,gross_margin_amt,毛利额,number,元,9860,毛利金额,零售报表
SF-0192,零售营销,Retail,gross_margin_rate,毛利率,number,%,17.9,毛利率,零售报表
SF-0193,零售营销,Retail,non_exclusive_rate,非专卖率,number,%,0,混营/非专卖占比,合规/零售
SF-0194,零售营销,Retail,non_exclusive_flag,非专卖标记,boolean,-,false,是否非专卖门店,巡检
SF-0195,零售营销,Campaign,campaign_id,活动ID,string,-,CAMP-暑期换新,营销活动ID,D包/活动效果
SF-0196,零售营销,Campaign,campaign_name,活动名称,string,-,暑期以旧换新,活动名,D包
SF-0197,零售营销,Campaign,campaign_goal,活动目标,string,-,提升续费转化,活动目标,活动策划
SF-0198,零售营销,Campaign,campaign_budget,活动预算,number,元,50000,预算,活动效果
SF-0199,零售营销,Campaign,participants,参与人数,int,人,3200,参与人数,活动效果
SF-0200,零售营销,Campaign,campaign_roi,活动ROI,number,-,2.4,投入产出比,活动效果
SF-0201,零售营销,Campaign,campaign_complaint_rate,活动投诉率,number,%,0.3,活动相关投诉率,活动效果
SF-0202,零售营销,Content,short_video_cnt,短视频数,int,条,2140,短视频产量,新零售/A包
SF-0203,零售营销,Content,short_video_valid_participate_rate,短视频有效参与率,number,%,38.5,有效参与占比,A包
SF-0204,零售营销,Content,followers,粉丝数,int,人,12400,账号粉丝,矩阵监测
SF-0205,零售营销,Content,play_cnt,播放量,int,次,86000,播放量,矩阵/人效
SF-0206,零售营销,Content,gmv_convert_rate,带货转化率,number,%,1.8,播放→成交,矩阵/人效
SF-0207,零售营销,Content,deals_cnt,成交单数,int,单,36,导购成交数,人效诊断
SF-0208,零售营销,Content,gmv,成交额GMV,number,元,118764,成交额,人效/直播
SF-0209,零售营销,Content,aov,客单价,number,元,3299,笔单价,人效诊断
SF-0210,零售营销,Content,valid_seller_flag,是否有效带货账号,boolean,-,true,有效带货判定,人效诊断
SF-0211,零售营销,Content,live_sessions,直播场次,int,场,12,直播场次,新零售报告
SF-0212,零售营销,Content,live_watch_uv,直播观看UV,int,人,5600,直播观看人数,新零售报告
SF-0213,零售营销,Content,influencer_cvr,达人转化率,number,%,2.1,达人带货转化,新零售报告
SF-0214,零售营销,Content,refund_rate,退款率,number,%,1.2,退款占比,新零售报告
SF-0215,零售营销,Content,content_script_id,脚本/素材ID,string,-,SCRIPT-续航对比-01,内容资产ID,D包
SF-0216,零售营销,Content,benchmark_case_id,标杆案例ID,string,-,CASE-苏州吴中店,标杆案例,标杆报告
SF-0217,零售营销,Outreach,channel_quota_daily,渠道日配额,int,次,5000,触达日配额,触达矩阵
SF-0218,零售营销,Outreach,delivery_rate,到达率,number,%,96.2,消息到达率,触达矩阵
SF-0219,零售营销,Outreach,open_rate,打开率,number,%,28.4,打开/点击率,触达矩阵
SF-0220,零售营销,Outreach,connect_rate,接通率,number,%,41.0,外呼接通率,续费成绩单
SF-0221,零售营销,Outreach,transfer_human_cnt,转人工数,int,人,86,高意向转人工,续费成绩单
SF-0222,零售营销,Outreach,template_approve_days,模板审核周期,number,天,2,审核天数,触达矩阵
SF-0223,工单服务,Ticket,ticket_id,工单ID,string,-,TK-20260728-8891,工单唯一ID,客服/VoC
SF-0224,工单服务,Ticket,ticket_type,工单类型,enum,-,fault,fault|consult|complaint|other,工单分析
SF-0225,工单服务,Ticket,fault_category,故障大类,enum,-,battery,电池|电机|刹车|控制器|充电|仪表|车架|灯具|轮胎|其他,故障分析
SF-0226,工单服务,Ticket,consult_category,咨询大类,string,-,整车信息,咨询分类,来电分析
SF-0227,工单服务,Ticket,ticket_channel,工单渠道,string,-,400,400|App|电商|门店,VoC汇聚
SF-0228,工单服务,Ticket,ticket_status,工单状态,enum,-,open,open|processing|closed,客服
SF-0229,工单服务,Ticket,ticket_created_at,工单创建时间,datetime,-,2026-07-28T09:12:00+08:00,创建时间,客服
SF-0230,工单服务,Ticket,handle_duration_min,处理时长,number,分钟,18,处理耗时,质检/BIS
SF-0231,工单服务,Ticket,is_complaint,是否投诉,boolean,-,true,投诉标记,客诉报告
SF-0232,工单服务,Ticket,three_guarantees_reject_flag,三包拒保标记,boolean,-,false,三包拒保,客诉区域报告
SF-0233,工单服务,Ticket,desc_text,问题描述文本,text,-,骑行续航明显低于标称,原声/描述,填单/VoC
SF-0234,工单服务,Ticket,desc_chars,描述字数,int,字,86,描述长度,故障分析
SF-0235,工单服务,Ticket,transcript_text,转写文本,text,-,（通话转写全文）,语音转写结果,VoC
SF-0236,工单服务,Ticket,agent_id,坐席/外呼员ID,string,-,AG-2201,客服/外呼人员,质检/续费
SF-0237,工单服务,Ticket,sop_item,SOP质检项,string,-,是否确认VIN与车型,质检项,智能质检
SF-0238,工单服务,Ticket,sop_pass_fail,SOP是否通过,enum,-,pass,pass|fail,智能质检
SF-0239,工单服务,Ticket,risk_words,风险话术词,json,-,"[""绝对没问题""]",质检风险词,智能质检
SF-0240,工单服务,VoC,feedback_id,反馈ID,string,-,FB-99102,VoC反馈唯一ID,VoC全系
SF-0241,工单服务,VoC,nps,NPS,number,-,32,净推荐值,驾驶舱/周月报
SF-0242,工单服务,VoC,csat,CSAT,number,-,4.1,满意度1-5,驾驶舱
SF-0243,工单服务,VoC,nps_delta,NPS变化,number,-,-3,周期NPS变化,周月报
SF-0244,工单服务,VoC,feedback_cnt,反馈量,int,条,1280,周期反馈条数,驾驶舱
SF-0245,工单服务,VoC,tag_id,标签ID,string,-,TAG-续航短,标准标签ID,打标/共享语义
SF-0246,工单服务,VoC,tag_name,标签名称,string,-,续航短,标签名,打标
SF-0247,工单服务,VoC,tag_domain,标签域,enum,-,product,product|service|app|channel|risk,标签字典
SF-0248,工单服务,VoC,sentiment,情感极性,enum,-,neg,pos|neu|neg,打标硬条件
SF-0249,工单服务,VoC,sentiment_score,情感分数,number,-1~1,-0.72,情感强度,情绪地图
SF-0250,工单服务,VoC,problem_theme,问题主题,string,-,续航短,主题聚类名,排行榜/专题
SF-0251,工单服务,VoC,theme_cnt,主题反馈量,int,条,246,主题计数,排行榜
SF-0252,工单服务,VoC,neg_ratio,负面占比,number,%,68.0,主题负面占比,排行榜
SF-0253,工单服务,VoC,wow_change,周环比变化,number,%,22.0,周变化,趋势监测
SF-0254,工单服务,VoC,closed_loop_rate,闭环率,number,%,54.0,已闭环/应闭环,决议/TopN
SF-0255,工单服务,VoC,recurrence_rate,复发率,number,%,12.0,复发占比,闭环回验
SF-0256,工单服务,VoC,cover_dim,报告封面维度,enum,-,vehicle,vehicle|non_vehicle|all,专题报告
SF-0257,工单服务,VoC,module_name,非车板块,enum,-,app,app|miniapp|website|hotline|aftersales,非车专题
SF-0258,工单服务,VoC,sample_voice,代表性原声,text,-,充满电跑不到说明书一半,脱敏原声,专报/专题
SF-0259,工单服务,VoC,clue_confidence,线索置信度,enum,-,medium,weak|medium,排查线索包
SF-0260,工单服务,VoC,severity_risk_level,舆情/公关风险等级,enum,-,P1,P0|P1|P2,危机/专报
SF-0261,工单服务,VoC,consumer_sat_score,消费者满意度,number,%,82.9,调研消费者满意度,满意度报告
SF-0262,工单服务,VoC,channel_sat_score,渠道满意度,number,%,77.1,调研渠道满意度,满意度报告
SF-0263,工单服务,VoC,survey_recover_rate,问卷回收率,number,%,6.1,回收/推送,满意度报告
SF-0264,工单服务,VoC,dissatisfaction_reason,不满原因,string,-,续航短,开放题/选项原因,满意度报告
SF-0265,车联IoT,Telemetry,fault_code,故障码/告警码,string,-,BMS_OT_01,车端告警码,IoT/排查
SF-0266,车联IoT,Telemetry,iot_alert_cnt,告警次数,int,次,3,周期告警次数,驾驶舱/IoT
SF-0267,车联IoT,Telemetry,mileage_km,里程,number,km,3260,累计/周期里程,IoT可用性
SF-0268,车联IoT,Telemetry,soc_pct,电量SOC,number,%,64,剩余电量,主动服务
SF-0269,车联IoT,Telemetry,telemetry_coverage_rate,回传覆盖率,number,%,81.0,有telemetry车辆占比,IoT可用性
SF-0270,车联IoT,Telemetry,battery_health_pct,电池健康度,number,%,92,SOH近似,主动服务
SF-0271,制造质量,Quality,test_station,检测工位,string,-,OBD-台架-02,质检工位,OBD报告
SF-0272,制造质量,Quality,test_ts,检测时间,datetime,-,2026-07-28T14:22:00+08:00,检测时间,OBD报告
SF-0273,制造质量,Quality,obd_protocol,OBD协议,string,-,ISO15765,通信协议,OBD报告
SF-0274,制造质量,Quality,voltage_v,电压,number,V,54.6,检测电压,OBD报告
SF-0275,制造质量,Quality,current_a,电流,number,A,12.3,检测电流,OBD报告
SF-0276,制造质量,Quality,speed_rpm,转速,number,rpm,480,电机转速,OBD报告
SF-0277,制造质量,Quality,controller_temp_c,控制器温度,number,℃,46,温升,OBD报告
SF-0278,制造质量,Quality,qc_result,质检结果,enum,-,pass,pass|fail,质检/追溯
SF-0279,制造质量,Quality,operator_id,操作员工号,string,-,OP-331,检测员,OBD
SF-0280,制造质量,Quality,part_name,零部件名称,string,-,控制器,零部件,追溯
SF-0281,制造质量,Quality,part_batch_no,零部件批次,string,-,PB-CTRL-2026W27,零部件批次号,批次追溯
SF-0282,制造质量,Quality,supplier_id,供应商ID,string,-,SUP-8821,供应商,追溯/风控
SF-0283,制造质量,Quality,delta_e,色差ΔE,number,-,0.8,光学色差,光学质检
SF-0284,制造质量,Quality,gloss,光泽度,number,-,85,涂装光泽,光学质检
SF-0285,制造质量,Quality,defect_type,缺陷类型,string,-,色差,橘皮/色差/颗粒等,光学质检
SF-0286,制造质量,Quality,anomaly_score,设备异常分,number,0-1,0.86,声学/传感器异常,设备预警
SF-0287,制造质量,Quality,predict_fail_days,预计故障天数,int,天,14,预测性维护窗口,设备预警
SF-0288,制造质量,Quality,release_ts,放行时间,datetime,-,2026-07-28T16:00:00+08:00,合格放行,追溯包
SF-0289,制造质量,Quality,trace_package_url,追溯包地址,string,-,s3://trace/VINxxx.zip,追溯数据包,追溯包
SF-0290,制造质量,Quality,recall_level,召回评估等级,enum,-,watch,watch|targeted|recall_eval,批次追溯
SF-0291,巡检合规,Inspection,inspect_id,巡检ID,string,-,INS-20260728-014,巡检任务ID,巡检报告
SF-0292,巡检合规,Inspection,inspect_time,巡检时间,datetime,-,2026-07-28T08:30:00+08:00,巡检时间,巡检报告
SF-0293,巡检合规,Inspection,check_item,查检项,string,-,门头VI完整性,查检项名称,巡检报告
SF-0294,巡检合规,Inspection,ai_confidence,AI置信度,number,0-1,0.91,视觉识别置信度,巡检/差分
SF-0295,巡检合规,Inspection,pass_fail,通过/驳回,enum,-,fail,pass|fail,巡检报告
SF-0296,巡检合规,Inspection,photo_url,照片URL,string,-,https://.../store.jpg,证据图,巡检/差分
SF-0297,巡检合规,Inspection,morning_photo_url,早全景照URL,string,-,https://.../am.jpg,早晚差分-早,图像差分
SF-0298,巡检合规,Inspection,evening_photo_url,晚全景照URL,string,-,https://.../pm.jpg,早晚差分-晚,图像差分
SF-0299,巡检合规,Inspection,competitor_logo_detected,检出竞品Logo,json,-,"[""竞品A""]",竞品标识检测,图像差分
SF-0300,巡检合规,Inspection,suspect_type,疑点类型,string,-,非专卖堆货,违规疑点类型,图像差分
SF-0301,巡检合规,Inspection,vi_score,VI一致性分,number,0-100,78,VI评分,VI诊断/巡检
SF-0302,巡检合规,Inspection,rectify_ticket_id,整改工单号,string,-,RC-8891,整改单,巡检
SF-0303,巡检合规,Inspection,due_date,整改截止日,date,-,2026-08-05,整改期限,预警/巡检
SF-0304,巡检合规,Brand,mention_cnt_24h,24h品牌提及量,int,次,1260,舆情提及,舆情仪表板
SF-0305,巡检合规,Brand,reputation_score,声誉分,number,0-100,71,品牌声誉,舆情仪表板
SF-0306,巡检合规,Brand,hotspot_term,热点词,string,-,续航虚标,舆情热点,危机预警
SF-0307,巡检合规,Brand,growth_velocity,声量增速,number,-,3.2,突增速度,危机预警
SF-0308,巡检合规,Brand,mi_consistency_score,MI言行一致分,number,0-100,66,理念-言行一致,MI诊断
SF-0309,巡检合规,Brand,bvp_memorability,BVP记忆度,number,0-1,0.42,BVP测试,BVP报告
SF-0310,巡检合规,Brand,bvp_understanding,BVP理解度,number,0-1,0.55,BVP测试,BVP报告
SF-0311,巡检合规,Brand,purchase_intent,购买意愿,number,0-1,0.48,BVP/调研,BVP报告
SF-0312,巡检合规,Brand,energy_kwh_per_vehicle,单车能耗,number,kWh/台,128,制造能耗,ESG
SF-0313,巡检合规,Brand,co2e_t,碳排放当量,number,tCO2e, sequester,排放,ESG
SF-0314,巡检合规,Brand,scrap_battery_recycle_rate,废旧电池回收率,number,%,91.0,回收率,ESG
SF-0315,财经,Finance,expense_id,报销单号,string,-,EXP-202607-118,报销单,三单匹配
SF-0316,财经,Finance,invoice_no,发票号,string,-,INV-8891200,发票号,三单匹配
SF-0317,财经,Finance,po_no,采购订单号,string,-,PO-55201,PO号,三单匹配/跟单
SF-0318,财经,Finance,receipt_amt,回单金额,number,元,1280.00,回单,三单匹配
SF-0319,财经,Finance,invoice_amt,发票金额,number,元,1280.00,发票,三单匹配
SF-0320,财经,Finance,po_amt,PO金额,number,元,1300.00,采购订单金额,三单匹配
SF-0321,财经,Finance,match_status,三单匹配状态,enum,-,mismatch,match|mismatch,三单匹配
SF-0322,财经,Finance,diff_amt,差异金额,number,元,20.00,差异,三单匹配
SF-0323,财经,Finance,diff_reason,差异原因,string,-,税额不符,差异归因,三单匹配
SF-0324,财经,Finance,revenue_forecast,收入预测,number,元,1.2e8,月收入预测,现金流预测
SF-0325,财经,Finance,pickup_forecast_units,提货预测台数,int,台,52000,提货预测,现金流预测
SF-0326,财经,Finance,rebate_cashout_forecast,返利兑付预测,number,元,8.5e6,返利现金流出,现金流预测
SF-0327,财经,Finance,opex_forecast,费用预测,number,元,2.1e7,OPEX预测,现金流预测
SF-0328,财经,Finance,net_cash_forecast,净现金流预测,number,元,1.5e7,净现金流,现金流预测
SF-0329,财经,Finance,forecast_confidence_low,预测下限,number,元,1.1e7,置信区间低,现金流预测
SF-0330,财经,Finance,forecast_confidence_high,预测上限,number,元,1.9e7,置信区间高,现金流预测
SF-0331,App激活,Activation,cum_sales_units,累计销量,int,台,2500000,累计整车销量,激活率基线
SF-0332,App激活,Activation,active_owners_est,在用车主估计,int,人,1800000,在用车主,激活率基线
SF-0333,App激活,Activation,app_register_cnt,App注册数,int,人,920000,注册用户数,激活率基线
SF-0334,App激活,Activation,bind_vehicle_cnt,绑车数,int,辆,610000,完成绑车数,激活率基线
SF-0335,App激活,Activation,mau,月活MAU,int,人,210000,月活跃,激活率/月报
SF-0336,App激活,Activation,dau,日活DAU,int,人,42000,日活跃,激活率
SF-0337,App激活,Activation,activation_rate,激活率,number,%,33.9,绑车/在用车主等口径,激活率基线
SF-0338,App激活,Activation,funnel_step,漏斗步骤,string,-,绑车,打开→登录→绑车→车控→留存,激活漏斗
SF-0339,App激活,Activation,funnel_uv,步骤UV,int,人,88000,步骤独立用户,激活漏斗
SF-0340,App激活,Activation,funnel_cvr,步骤转化率,number,%,62.0,到下一步转化,激活漏斗
SF-0341,App激活,Activation,tab_name,App Tab名,string,-,用车,功能Tab,激活漏斗
SF-0342,App激活,Activation,pv,PV,int,次,560000,页面浏览,激活漏斗
SF-0343,App激活,Activation,uv,UV,int,人,120000,独立访客,激活漏斗
SF-0344,App激活,Activation,stay_seconds,停留秒数,number,秒,46,停留时长,激活漏斗
SF-0345,App激活,Activation,push_click_rate,Push点击率,number,%,8.6,Push CTR,触达/激活
SF-0346,App激活,Activation,faq_cnt,FAQ条目数,int,条,320,知识库条目,问答覆盖度
SF-0347,App激活,Activation,top20_ticket_coverage_rate,Top20工单覆盖率,number,%,71.0,FAQ覆盖高频工单,问答覆盖度
SF-0348,App激活,Activation,oneid_coverage_rate,OneID覆盖率,number,%,64.0,可识别用户占比,OneID报告
SF-0349,App激活,Activation,orphan_user_cnt,孤岛用户数,int,人,120000,无法缝合用户,OneID报告
SF-0350,App激活,Activation,koc_score,KOC得分,number,0-100,81,社区KOC评分,KOC池
SF-0351,App激活,Activation,post_cnt,发帖数,int,条,24,社区发帖,KOC池
SF-0352,App激活,Activation,interact_rate,互动率,number,%,6.8,互动/曝光,KOC池
SF-0353,App激活,O2O,platform_order_cnt,平台订单数,int,单,1500,电商平台订单,O2O漏斗
SF-0354,App激活,O2O,lead_phone_cnt,留资手机号数,int,个,980,留资数,O2O漏斗
SF-0355,App激活,O2O,store_redeem_cnt,到店核销数,int,单,420,到店核销,O2O漏斗
SF-0356,预警协同,Alert,alert_id,预警ID,string,-,ALERT-20260728-014,预警唯一ID,B包
SF-0357,预警协同,Alert,alert_type,预警类型,enum,-,shortage,销量下滑|合规|断货|客诉|竞品,B包
SF-0358,预警协同,Alert,metric_name,触发指标名,string,-,mom_rate,触发指标,B包
SF-0359,预警协同,Alert,metric_value,触发指标值,number,-,-12.4,实际值,B包
SF-0360,预警协同,Alert,threshold_value,阈值,number,-,-10.0,规则阈值,B包/规则引擎
SF-0361,预警协同,Alert,severity,严重级别,enum,-,P0,P0|P1|P2,预警/危机
SF-0362,预警协同,Alert,required_action,要求动作,string,-,3日内补色,整改要求,B包
SF-0363,预警协同,Alert,verify_method,复核方式,string,-,二次巡检,验收方式,B包
SF-0364,预警协同,Collab,cross_issue_cnt,跨部门问题数,int,个,17,协同问题数,大营销报告
SF-0365,预警协同,Collab,closed_cnt,已闭环数,int,个,9,已闭环,大营销/决议
SF-0366,预警协同,Collab,overdue_cnt,超期数,int,个,3,超期未闭环,大营销/决议
SF-0367,预警协同,Collab,response_hours,响应时效,number,小时,26,平均响应小时,大营销
SF-0368,预警协同,Collab,pilot_vs_control_delta,试点对照差,number,-,8.5,试点区vs对照区指标差,大营销
SF-0369,预警协同,Collab,resolution_id,决议ID,string,-,RES-2026W30-01,例会决议,决议清单
SF-0370,预警协同,Collab,owner_dept,责任部门,string,-,产品创新研究院,责任部门,决议/专报
SF-0371,预警协同,Collab,verify_metric,回验指标,string,-,续航主题负面占比,回验KPI,决议清单
SF-0372,共享AI资产,AIOutput,ai_output_id,AI产出ID,string,-,AIO-10001,共享产出唯一ID,反孤岛Story
SF-0373,共享AI资产,AIOutput,producer_skill,生产者Skill,string,-,fill_ticket,产出方skill_id,反孤岛
SF-0374,共享AI资产,AIOutput,consumer_allow,允许消费方,json,-,"[""renewal_plan"",""voc_weekly""]",可订阅skill列表,反孤岛
SF-0375,共享AI资产,AIOutput,payload,产出载荷,json,-,"{""tags"":[""投诉未结""],""vin"":""...""}",结构化产出内容,反孤岛
SF-0376,共享AI资产,AIOutput,payload_schema,载荷Schema,string,-,ticket_draft_v1,载荷结构版本,反孤岛
SF-0377,共享AI资产,TagVocabulary,tag_vocab_version,标签字典版本,string,-,voc-tags-2026.07,共享语义版本,标签治理
SF-0378,共享AI资产,TagVocabulary,tag_parent_id,父标签ID,string,-,TAG-整车体验,标签树,标签治理
SF-0379,共享AI资产,CapabilityCatalog,skill_id,Skill ID,string,-,repair_kb,能力目录主键,能力目录
SF-0380,共享AI资产,CapabilityCatalog,skill_desc,Skill描述,text,-,维修知识库问答,能力说明,能力目录
SF-0381,共享AI资产,CapabilityCatalog,input_schema,输入Schema,json,-,"{""query"":""string""}",输入约定,能力目录
SF-0382,共享AI资产,CapabilityCatalog,output_schema,输出Schema,json,-,"{""answer"":""string""}",输出约定,能力目录
SF-0383,共享AI资产,CapabilityCatalog,allowed_tools,可用Tools,json,-,"[""search_kb"",""get_vehicle""]",可调用工具列表,能力目录
SF-0384,共享AI资产,RunLog,step_name,步骤名,string,-,retrieve,控制环步骤,协作层
SF-0385,共享AI资产,RunLog,step_status,步骤状态,enum,-,ok,ok|error|skipped,协作层
SF-0386,共享AI资产,RunLog,step_ts,步骤时间,datetime,-,2026-08-01T12:00:00+08:00,步骤时间戳,协作层
SF-0387,流程人资法务,Process,process_id,流程ID,string,-,PROC-开店审批,流程定义ID,流程报告
SF-0388,流程人资法务,Process,redundant_step,冗余环节,string,-,重复盖章节点,冗余检测,冗余检测报告
SF-0389,流程人资法务,Process,bottleneck_step,卡点环节,string,-,额度审批,根因诊断,流程根因
SF-0390,流程人资法务,Process,cycle_time_hours,周期时长,number,小时,72,流程耗时,流程模拟
SF-0391,流程人资法务,Process,proposal_level,建议级别,enum,-,L2,L1|L2|L3,AI建议收件箱
SF-0392,流程人资法务,HR,job_id,岗位ID,string,-,JOB-售后专员,招聘岗位,岗位匹配
SF-0393,流程人资法务,HR,match_score,人岗匹配分,number,0-100,84,匹配得分,岗位匹配
SF-0394,流程人资法务,Legal,contract_id,合同ID,string,-,CT-2026-889,合同编号,合同审核
SF-0395,流程人资法务,Legal,clause_risk_level,条款风险等级,enum,-,high,low|medium|high,合同审核
SF-0396,流程人资法务,Legal,clause_comment,审核意见,text,-,违约金上限缺失,合同审核意见,合同审核
SF-0397,流程人资法务,Knowledge,kb_domain,知识库域,enum,-,repair,repair|policy|hr|product,RAG
SF-0398,流程人资法务,Knowledge,kb_doc_id,知识文档ID,string,-,KB-REP-0012,文档ID,RAG
SF-0399,流程人资法务,Knowledge,kb_chunk_id,知识片段ID,string,-,CHK-88,向量片段ID,RAG
SF-0400,流程人资法务,Knowledge,kb_score,检索相关分,number,0-1,0.83,检索得分,RAG
